Armor Piece,,Set,Obtained,,☆,,☆☆,,☆☆☆,,☆☆☆☆,
,,,In Game Location,Amiibo,,,,,,,,
,,,,,,,,,,,,
,Archaic Tunic,Archaic,✓,,,,,,,,,
,,,Pondside Cave,,,,,,,,,
,,,,,,,,,,,,
,,,,,,,,,,,,
,Archaic Legwear,Archaic,✓,,,,,,,,,
,,,Room of Awakening,,,,,,,,,
,,,,,,,,,,,,
,,,,,,,,,,,,
,Archaic Warm Greaves,Archaic,✓,,,,,,,,,
,,,Tree trunk near Gutanbac Shrine,,,,,,,,,
,,,,,,,,,,,,
,,,,,,,,,,,,
,,,,,,,,,,,,
,Hylian Hood (non-lowered),Hylian,✓,,☆,,☆☆,,☆☆☆,,☆☆☆☆,
,,,"Lookout Landing
Mubs' Shop",,5,Bokoblin Horn,5,Blue Bokoblin Horn,20,Amber,30,Amber
,,,,,,,3,Bokoblin Fang,5,Black Bokoblin Horn,5,Silver Bokoblin Horn
,,,,,,,,,3,Bokoblin Guts,5,Bokoblin Guts
,Hylian Hood (lowered),Hylian,✓,,☆,,☆☆,,☆☆☆,,☆☆☆☆,
,,,"Lookout Landing
Mubs' Shop",,5,Bokoblin Horn,5,Blue Bokoblin Horn,20,Amber,30,Amber
,,,,,,,3,Bokoblin Fang,5,Black Bokoblin Horn,5,Silver Bokoblin Horn
,,,,,,,,,3,Bokoblin Guts,5,Bokoblin Guts
,Hylian Tunic,Hylian,✓,,☆,,☆☆,,☆☆☆,,☆☆☆☆,
,,,"Lookout Landing
Mubs' Shop",,5,Bokoblin Horn,5,Blue Bokoblin Horn,20,Amber,30,Amber
,,,,,,,3,Bokoblin Fang,5,Black Bokoblin Horn,5,Silver Bokoblin Horn
,,,,,,,,,3,Bokoblin Guts,5,Bokoblin Guts
,Hylian Trousers,Hylian,✓,,☆,,☆☆,,☆☆☆,,☆☆☆☆,
,,,"Lookout Landing
Mubs' Shop",,5,Bokoblin Horn,5,Blue Bokoblin Horn,20,Amber,30,Amber
,,,,,,,3,Bokoblin Fang,5,Black Bokoblin Horn,5,Silver Bokoblin Horn
,,,,,,,,,3,Bokoblin Guts,5,Bokoblin Guts
,,,,,,,,,,,,
,Soldier's Helm,Soldier,✓,,☆,,☆☆,,☆☆☆,,☆☆☆☆,
,,,Royal Hidden Passage,,5,Chuchu Jelly,5,Keese Eyeball,30,Flint,30,Amber
,,,,,3,Bokoblin Guts,3,Moblin Guts,3,Lizalfos Tail,5,Lynel Hoof
,,,,,,,,,3,Hinox Guts,5,Lynel Guts
,Soldier's Armor,Soldier,✓,,☆,,☆☆,,☆☆☆,,☆☆☆☆,
,,,Royal Hidden Passage,,5,Chuchu Jelly,5,Keese Eyeball,30,Flint,30,Amber
,,,,,3,Bokoblin Guts,3,Moblin Guts,3,Lizalfos Tail,5,Lynel Hoof
,,,,,,,,,3,Hinox Guts,5,Lynel Guts
,Soldier's Greaves,Soldier,✓,,☆,,☆☆,,☆☆☆,,☆☆☆☆,
,,,Royal Hidden Passage,,5,Chuchu Jelly,5,Keese Eyeball,30,Flint,30,Amber
,,,,,3,Bokoblin Guts,3,Moblin Guts,3,Lizalfos Tail,5,Lynel Hoof
,,,,,,,,,3,Hinox Guts,5,Lynel Guts
,,,,,,,,,,,,
,Snowquill Headdress,Snowquill,✓,,☆,,☆☆,,☆☆☆,,☆☆☆☆,
,,,"Rito Village
Brazen Beak",,3,Red Chuchu Jelly,5,Red Chuchu Jelly,5,Sunshroom,10,Fire-Breath Lizalfos Tail
,,,,,,,3,Warm Safflina,5,Fire Keese Wing,5,Fire-Breath Lizalfos Horn
,,,,,,,,,3,Fire-Breath Lizalfos Tail,5,Ruby
,Snowquill Tunic,Snowquill,✓,,☆,,☆☆,,☆☆☆,,☆☆☆☆,
,,,"Rito Village
Brazen Beak",,3,Red Chuchu Jelly,5,Red Chuchu Jelly,5,Sunshroom,10,Fire-Breath Lizalfos Tail
,,,,,,,3,Warm Safflina,5,Fire Keese Wing,5,Fire-Breath Lizalfos Horn
,,,,,,,,,3,Fire-Breath Lizalfos Tail,5,Ruby
,Snowquill Trousers,Snowquill,✓,,☆,,☆☆,,☆☆☆,,☆☆☆☆,
,,,"Rito Village
Brazen Beak",,3,Red Chuchu Jelly,5,Red Chuchu Jelly,5,Sunshroom,10,Fire-Breath Lizalfos Tail
,,,,,,,3,Warm Safflina,5,Fire Keese Wing,5,Fire-Breath Lizalfos Horn
,,,,,,,,,3,Fire-Breath Lizalfos Tail,5,Ruby
,,,,,,,,,,,,
,Flamebreaker Helm,Flamebreaker,✓,,☆,,☆☆,,☆☆☆,,☆☆☆☆,
,,,"Goron City
Armor Shop",,3,Moblin Horn,5,Moblin Fang,15,Flint,30,Flint
,,,,,,,5,Fireproof Lizard,5,Blue Moblin Horn,5,Black Moblin Horn
,,,,,,,,,3,Smotherwing Butterfly,5,Smotherwing Butterfly
,Flamebreaker Armor,Flamebreaker,✓,,☆,,☆☆,,☆☆☆,,☆☆☆☆,
,,,"Goron City
Armor Shop",,3,Moblin Horn,5,Moblin Fang,15,Flint,30,Flint
,,,,,,,5,Fireproof Lizard,5,Blue Moblin Horn,5,Black Moblin Horn
,,,,,,,,,3,Smotherwing Butterfly,5,Smotherwing Butterfly
,Flamebreaker Boots,Flamebreaker,✓,,☆,,☆☆,,☆☆☆,,☆☆☆☆,
,,,"Goron City
Armor Shop",,3,Moblin Horn,5,Moblin Fang,15,Flint,30,Flint
,,,,,,,5,Fireproof Lizard,5,Blue Moblin Horn,5,Black Moblin Horn
,,,,,,,,,3,Smotherwing Butterfly,5,Smotherwing Butterfly
,,,,,,,,,,,,
,Zora Helm,Zora,✓,,☆,,☆☆,,☆☆☆,,☆☆☆☆,
,,,Floating Scales Island,,3,Lizalfos Horn,5,Hyrule Bass,5,Blue Lizalfos Horn,20,Opal
,,,,,,,5,Lizalfos Talon,3,Lizalfos Tail,5,Black Lizalfos Horn
,,,,,,,,,3,Hearty Bass,5,Blue Lizalfos Tail
,Zora Armor,Zora,✓,,☆,,☆☆,,☆☆☆,,☆☆☆☆,
,,,"""Restoring the Zora Armor"" main quest",,3,Lizalfos Horn,5,Hyrule Bass,5,Blue Lizalfos Horn,20,Opal
,,,,,,,5,Lizalfos Talon,3,Lizalfos Tail,5,Black Lizalfos Horn
,,,,,,,,,3,Hearty Bass,5,Blue Lizalfos Tail
,Zora Greaves,Zora,✓,,☆,,☆☆,,☆☆☆,,☆☆☆☆,
,,,Ancient Zora Waterworks,,3,Lizalfos Horn,5,Hyrule Bass,5,Blue Lizalfos Horn,20,Opal
,,,,,,,5,Lizalfos Talon,3,Lizalfos Tail,5,Black Lizalfos Horn
,,,,,,,,,3,Hearty Bass,5,Blue Lizalfos Tail
,,,,,,,,,,,,
,Desert Voe Headband,Desert Voe,✓,,☆,,☆☆,,☆☆☆,,☆☆☆☆,
,,,"Kara Kara Bazaar
Saula's Shop",,3,White Chuchu Jelly,5,White Chuchu Jelly,5,Chillshroom,10,Ice-Breath Lizalfos Tail
,,,,,,,3,Cool Safflina,5,Ice Keese Wing,5,Ice-Breath Lizalfos Horn
,,,,,,,,,3,Ice-Breath Lizalfos Tail,5,Sapphire
,Desert Voe Spaulder,Desert Voe,✓,,☆,,☆☆,,☆☆☆,,☆☆☆☆,
,,,"Gerudo Town
Gerudo Secret Club",,3,White Chuchu Jelly,5,White Chuchu Jelly,5,Chillshroom,10,Ice-Breath Lizalfos Tail
,,,,,,,3,Cool Safflina,5,Ice Keese Wing,5,Ice-Breath Lizalfos Horn
,,,,,,,,,3,Ice-Breath Lizalfos Tail,5,Sapphire
,Desert Voe Trousers,Desert Voe,✓,,☆,,☆☆,,☆☆☆,,☆☆☆☆,
,,,"Gerudo Town
Gerudo Secret Club",,3,White Chuchu Jelly,5,White Chuchu Jelly,5,Chillshroom,10,Ice-Breath Lizalfos Tail
,,,,,,,3,Cool Safflina,5,Ice Keese Wing,5,Ice-Breath Lizalfos Horn
,,,,,,,,,3,Ice-Breath Lizalfos Tail,5,Sapphire
,,,,,,,,,,,,
,Rubber Helm,Rubber,✓,,☆,,☆☆,,☆☆☆,,☆☆☆☆,
,,,Sarjon Woods Cave,,3,Yellow Chuchu Jelly,8,Yellow Chuchu Jelly,8,Electric Safflina,8,Electric Lizalfos Tail
,,,,,1,Electric Lizalfos Horn,5,Voltfruit,5,Zapshroom,5,Electric Lizalfos Horn
,,,,,,,,,5,Electric Lizalfos Tail,5,Topaz
,Rubber Armor,Rubber,✓,,☆,,☆☆,,☆☆☆,,☆☆☆☆,
,,,Whistling Hill Cave,,3,Yellow Chuchu Jelly,8,Yellow Chuchu Jelly,8,Electric Safflina,8,Electric Lizalfos Tail
,,,,,1,Electric Lizalfos Horn,5,Voltfruit,5,Zapshroom,5,Electric Lizalfos Horn
,,,,,,,,,5,Electric Lizalfos Tail,5,Topaz
,Rubber Tights,Rubber,✓,,☆,,☆☆,,☆☆☆,,☆☆☆☆,
,,,Horon Lagoon Cave,,3,Yellow Chuchu Jelly,8,Yellow Chuchu Jelly,8,Electric Safflina,8,Electric Lizalfos Tail
,,,,,1,Electric Lizalfos Horn,5,Voltfruit,5,Zapshroom,5,Electric Lizalfos Horn
,,,,,,,,,5,Electric Lizalfos Tail,5,Topaz
,,,,,,,,,,,,
,Stealth Mask,Stealth,✓,,☆,,☆☆,,☆☆☆,,☆☆☆☆,
,,,"Kakariko Village
Enchanted",,3,Blue Nightshade,5,Blue Nightshade,8,Silent Shroom,10,Sundelion
,,,,,,,5,Sunset Firefly,5,Sneaky River Snail,10,Stealthfin Trout
,,,,,,,,,5,Sticky Frog,5,Silent Princess
,Stealth Chest Guard,Stealth,✓,,☆,,☆☆,,☆☆☆,,☆☆☆☆,
,,,"Kakariko Village
Enchanted",,3,Blue Nightshade,5,Blue Nightshade,8,Silent Shroom,10,Sundelion
,,,,,,,5,Sunset Firefly,5,Sneaky River Snail,10,Stealthfin Trout
,,,,,,,,,5,Sticky Frog,5,Silent Princess
,Stealth Tights,Stealth,✓,,☆,,☆☆,,☆☆☆,,☆☆☆☆,
,,,"Kakariko Village
Enchanted",,3,Blue Nightshade,5,Blue Nightshade,8,Silent Shroom,10,Sundelion
,,,,,,,5,Sunset Firefly,5,Sneaky River Snail,10,Stealthfin Trout
,,,,,,,,,5,Sticky Frog,5,Silent Princess
,,,,,,,,,,,,
,Climber's Bandanna,Climber,✓,,☆,,☆☆,,☆☆☆,,☆☆☆☆,
,,,Ploymus Mountain Cave,,3,Keese Wing,5,Electric Keese Wing,10,Hot-Footed Frog,20,Swift Violet
,,,,,3,Rushroom,5,Hightail Lizard,8,Ice Keese Wing,10,Fire Keese Wing
,,,,,,,,,,,,
,Climbing Gear,Climber,✓,,☆,,☆☆,,☆☆☆,,☆☆☆☆,
,,,North Hyrule Plains Cave,,3,Keese Wing,5,Electric Keese Wing,10,Hot-Footed Frog,20,Swift Violet
,,,,,3,Rushroom,5,Hightail Lizard,8,Ice Keese Wing,10,Fire Keese Wing
,,,,,,,,,,,,
,Climbing Boots,Climber,✓,,☆,,☆☆,,☆☆☆,,☆☆☆☆,
,,,Upland Zorana Byroad,,3,Keese Wing,5,Electric Keese Wing,10,Hot-Footed Frog,20,Swift Violet
,,,,,3,Rushroom,5,Hightail Lizard,8,Ice Keese Wing,10,Fire Keese Wing
,,,,,,,,,,,,
,,,,,,,,,,,,
,Barbarian Helm,Barbarian,✓,,☆,,☆☆,,☆☆☆,,☆☆☆☆,
,,,Robred Dropoff Cave,,3,Mighty Thistle,5,Razorshroom,3,Blue-Maned Lynel Saber Horn,3,White-Maned Lynel Saber Horn
,,,,,,,2,Lynel Saber Horn,3,Blue-Maned Lynel Mace Horn,3,White-Maned Lynel Mace Horn
,,,,,,,2,Lynel Mace Horn,3,Razorclaw Crab,3,Bladed Rhino Beetle
,Barbarian Armor,Barbarian,✓,,☆,,☆☆,,☆☆☆,,☆☆☆☆,
,,,Crenel Hills Cave,,3,Mighty Thistle,5,Razorshroom,3,Blue-Maned Lynel Saber Horn,3,White-Maned Lynel Saber Horn
,,,,,,,2,Lynel Saber Horn,3,Blue-Maned Lynel Mace Horn,3,White-Maned Lynel Mace Horn
,,,,,,,2,Lynel Mace Horn,3,Razorclaw Crab,3,Bladed Rhino Beetle
,Barbarian Leg Wraps,Barbarian,✓,,☆,,☆☆,,☆☆☆,,☆☆☆☆,
,,,Walnot Mountain Cave,,3,Mighty Thistle,5,Razorshroom,3,Blue-Maned Lynel Saber Horn,3,White-Maned Lynel Saber Horn
,,,,,,,2,Lynel Saber Horn,3,Blue-Maned Lynel Mace Horn,3,White-Maned Lynel Mace Horn
,,,,,,,2,Lynel Mace Horn,3,Razorclaw Crab,3,Bladed Rhino Beetle
,,,,,,,,,,,,
,Radiant Mask,Radiant,✓,,☆,,☆☆,,☆☆☆,,☆☆☆☆,
,,,"Kakariko Village
Enchanted",,10,Luminous Stone,15,Luminous Stone,20,Luminous Stone,30,Luminous Stone
,,,,,1,Bokoblin Guts,2,Moblin Guts,10,Gibdo Bone,3,Lynel Guts
,,,,,,,,,3,Horriblin Guts,3,Molduga Jaw
,Radiant Shirt,Radiant,✓,,☆,,☆☆,,☆☆☆,,☆☆☆☆,
,,,"Kakariko Village
Enchanted",,10,Luminous Stone,15,Luminous Stone,20,Luminous Stone,30,Luminous Stone
,,,,,1,Bokoblin Guts,2,Moblin Guts,10,Gibdo Bone,3,Lynel Guts
,,,,,,,,,3,Horriblin Guts,3,Molduga Jaw
,Radiant Tights,Radiant,✓,,☆,,☆☆,,☆☆☆,,☆☆☆☆,
,,,"Kakariko Village
Enchanted",,10,Luminous Stone,15,Luminous Stone,20,Luminous Stone,30,Luminous Stone
,,,,,1,Bokoblin Guts,2,Moblin Guts,10,Gibdo Bone,3,Lynel Guts
,,,,,,,,,3,Horriblin Guts,3,Molduga Jaw
,,,,,,,,,,,,
,Royal Guard Cap,Royal Guard,✓,,☆,,☆☆,,☆☆☆,,☆☆☆☆,
,,,"Hyrule Castle
Zelda's Room",,3,Boss Bokoblin Horn,3,Blue Boss Bokoblin Horn,3,Black Boss Bokoblin Horn,3,Silver Boss Bokoblin Horn
,,,,,3,Bokoblin Guts,3,Boss Bokoblin Guts,3,Hinox Guts,3,Gleeok Guts
,,,,,,,,,,,3,Molduga Guts
,Royal Guard Uniform,Royal Guard,✓,,☆,,☆☆,,☆☆☆,,☆☆☆☆,
,,,"Hyrule Castle
Guards' Chamber",,3,Boss Bokoblin Horn,3,Blue Boss Bokoblin Horn,3,Black Boss Bokoblin Horn,3,Silver Boss Bokoblin Horn
,,,,,3,Bokoblin Guts,3,Boss Bokoblin Guts,3,Hinox Guts,3,Gleeok Guts
,,,,,,,,,,,3,Molduga Guts
,Royal Guard Boots,Royal Guard,✓,,☆,,☆☆,,☆☆☆,,☆☆☆☆,
,,,"Hyrule Castle
Library",,3,Boss Bokoblin Horn,3,Blue Boss Bokoblin Horn,3,Black Boss Bokoblin Horn,3,Silver Boss Bokoblin Horn
,,,,,3,Bokoblin Guts,3,Boss Bokoblin Guts,3,Hinox Guts,3,Gleeok Guts
,,,,,,,,,,,3,Molduga Guts
,,,,,,,,,,,,
,Froggy Hood,Froggy,✓,,☆,,☆☆,,☆☆☆,,☆☆☆☆,
,,,Complete 12 Lucky Clover Gazette quests,,3,Sticky Lizard,5,Sticky Lizard,5,Blue Horriblin Horn,10,Horriblin Guts
,,,,,,,5,Horriblin Horn,5,Sticky Frog,10,Opal
,,,,,,,,,,,5,Black Horriblin Horn
,Froggy Sleeve,Froggy,✓,,☆,,☆☆,,☆☆☆,,☆☆☆☆,
,,,Complete 4 Lucky Clover Gazette quests,,3,Sticky Lizard,5,Sticky Lizard,5,Blue Horriblin Horn,10,Horriblin Guts
,,,,,,,5,Horriblin Horn,5,Sticky Frog,10,Opal
,,,,,,,,,,,5,Black Horriblin Horn
,Froggy Leggings,Froggy,✓,,☆,,☆☆,,☆☆☆,,☆☆☆☆,
,,,Complete 9 Lucky Clover Gazette quests,,3,Sticky Lizard,5,Sticky Lizard,5,Blue Horriblin Horn,10,Horriblin Guts
,,,,,,,5,Horriblin Horn,5,Sticky Frog,10,Opal
,,,,,,,,,,,5,Black Horriblin Horn
,,,,,,,,,,,,
,Glide Mask,Glide,✓,,☆,,☆☆,,☆☆☆,,☆☆☆☆,
,,,Valor Island,,3,Keese Wing,6,Aerocuda Eyeball,8,Aerocuda Eyeball,12,Gleeok Wing
,,,,,,,5,Aerocuda Wing,6,Aerocuda Wing,10,Aerocuda Wing
,,,,,,,,,,,8,Gibdo Wing
,Glide Shirt,Glide,✓,,☆,,☆☆,,☆☆☆,,☆☆☆☆,
,,,Courage Island,,3,Keese Wing,6,Aerocuda Eyeball,8,Aerocuda Eyeball,12,Gleeok Wing
,,,,,,,5,Aerocuda Wing,6,Aerocuda Wing,10,Aerocuda Wing
,,,,,,,,,,,8,Gibdo Wing
,Glide Tights,Glide,✓,,☆,,☆☆,,☆☆☆,,☆☆☆☆,
,,,Bravery Island,,3,Keese Wing,6,Aerocuda Eyeball,8,Aerocuda Eyeball,12,Gleeok Wing
,,,,,,,5,Aerocuda Wing,6,Aerocuda Wing,10,Aerocuda Wing
,,,,,,,,,,,8,Gibdo Wing
,,,,,,,,,,,,
,Hood of the Depths,Depths,✓,,☆,,☆☆,,☆☆☆,,☆☆☆☆,
,,,Bargainer Statues,,3,Deep Firefly,5,Dark Clump,20,Zonaite,10,Large Zonaite
,,,,,,,3,Frox Fang,3,Obsidian Frox Fang,5,Blue-White Frox Fang
,,,,,,,,,3,Frox Fingernail,3,Frox Guts
,Tunic of the Depths,Depths,✓,,☆,,☆☆,,☆☆☆,,☆☆☆☆,
,,,Bargainer Statues,,3,Deep Firefly,5,Dark Clump,20,Zonaite,10,Large Zonaite
,,,,,,,3,Frox Fang,3,Obsidian Frox Fang,5,Blue-White Frox Fang
,,,,,,,,,3,Frox Fingernail,3,Frox Guts
,Gaiters of the Depths,Depths,✓,,☆,,☆☆,,☆☆☆,,☆☆☆☆,
,,,Bargainer Statues,,3,Deep Firefly,5,Dark Clump,20,Zonaite,10,Large Zonaite
,,,,,,,3,Frox Fang,3,Obsidian Frox Fang,5,Blue-White Frox Fang
,,,,,,,,,3,Frox Fingernail,3,Frox Guts
,,,,,,,,,,,,
,Miner's Mask,Miner,✓,,☆,,☆☆,,☆☆☆,,☆☆☆☆,
,,,Abandoned Kara Kara Mine,,10,Brightbloom Seed,20,Brightbloom Seed,15,Giant Brightbloom Seed,20,Giant Brightbloom Seed
,,,,,,,5,Brightcap,10,Deep Firefly,10,Large Zonaite
,,,,,,,,,5,Glowing Cave Fish,3,Diamond
,Miner's Top,Miner,✓,,☆,,☆☆,,☆☆☆,,☆☆☆☆,
,,,Daphnes Canyon Mine,,10,Brightbloom Seed,20,Brightbloom Seed,15,Giant Brightbloom Seed,20,Giant Brightbloom Seed
,,,,,,,5,Brightcap,10,Deep Firefly,10,Large Zonaite
,,,,,,,,,5,Glowing Cave Fish,3,Diamond
,Miner's Trousers,Miner,✓,,☆,,☆☆,,☆☆☆,,☆☆☆☆,
,,,Hylia Canyon Mine,,10,Brightbloom Seed,20,Brightbloom Seed,15,Giant Brightbloom Seed,20,Giant Brightbloom Seed
,,,,,,,5,Brightcap,10,Deep Firefly,10,Large Zonaite
,,,,,,,,,5,Glowing Cave Fish,3,Diamond
,,,,,,,,,,,,
,Mystic Headpiece,Mystic,✓,,,,,,,,,
,,,"Trade with Koltin
46 Bubbul Gems",,,,,,,,,
,,,,,,,,,,,,
,,,,,,,,,,,,
,Mystic Robe,Mystic,✓,,,,,,,,,
,,,"Trade with Koltin
8 Bubbul Gems",,,,,,,,,
,,,,,,,,,,,,
,,,,,,,,,,,,
,Mystic Trousers,Mystic,✓,,,,,,,,,
,,,"Trade with Koltin
21 Bubbul Gems",,,,,,,,,
,,,,,,,,,,,,
,,,,,,,,,,,,
,,,,,,,,,,,,
,Ember Headdress,Ember,✓,,☆,,☆☆,,☆☆☆,,☆☆☆☆,
,,,YunoboCo HQ South Cave,,3,Fire Fruit,5,Fire-Breath Lizalfos Horn,5,Fire Like Stone,10,Sizzlefin Trout
,,,,,,,5,Summerwing Butterfly,5,Warm Darner,10,Large Zonai Charge
,,,,,,,,,5,Large Zonai Charge,5,Gleeok Flame Horn
,Ember Shirt,Ember,✓,,☆,,☆☆,,☆☆☆,,☆☆☆☆,
,,,Goronbi River Cave,,3,Fire Fruit,5,Fire-Breath Lizalfos Horn,5,Fire Like Stone,10,Sizzlefin Trout
,,,,,,,5,Summerwing Butterfly,5,Warm Darner,10,Large Zonai Charge
,,,,,,,,,5,Large Zonai Charge,5,Gleeok Flame Horn
,Ember Trousers,Ember,✓,,☆,,☆☆,,☆☆☆,,☆☆☆☆,
,,,Cephla Lake Cave,,3,Fire Fruit,5,Fire-Breath Lizalfos Horn,5,Fire Like Stone,10,Sizzlefin Trout
,,,,,,,5,Summerwing Butterfly,5,Warm Darner,10,Large Zonai Charge
,,,,,,,,,5,Large Zonai Charge,5,Gleeok Flame Horn
,,,,,,,,,,,,
,Charged Headdress,Charged,✓,,☆,,☆☆,,☆☆☆,,☆☆☆☆,
,,,"""Secret of the Ring Ruins"" main quest",,3,Shock Fruit,5,Electric Lizalfos Horn,5,Shock Like Stone,10,Voltfin Trout
,,,,,,,3,Thunderwing Butterfly,5,Electric Darner,10,Large Zonai Charge
,,,,,,,,,3,Large Zonai Charge,5,Gleeok Thunder Horn
,Charged Shirt,Charged,✓,,☆,,☆☆,,☆☆☆,,☆☆☆☆,
,,,"""Secret of the Ring Ruins"" main quest",,3,Shock Fruit,5,Electric Lizalfos Horn,5,Shock Like Stone,10,Voltfin Trout
,,,,,,,3,Thunderwing Butterfly,5,Electric Darner,10,Large Zonai Charge
,,,,,,,,,3,Large Zonai Charge,5,Gleeok Thunder Horn
,Charged Trousers,Charged,✓,,☆,,☆☆,,☆☆☆,,☆☆☆☆,
,,,"""Secret of the Ring Ruins"" main quest",,3,Shock Fruit,5,Electric Lizalfos Horn,5,Shock Like Stone,10,Voltfin Trout
,,,,,,,3,Thunderwing Butterfly,5,Electric Darner,10,Large Zonai Charge
,,,,,,,,,3,Large Zonai Charge,5,Gleeok Thunder Horn
,,,,,,,,,,,,
,Frostbite Headdress,Frostbite,✓,,☆,,☆☆,,☆☆☆,,☆☆☆☆,
,,,Lake Kilsie Cave,,3,Ice Fruit,5,Ice-Breath Lizalfos Horn,5,Ice Like Stone,10,Chillfin Trout
,,,,,,,5,Winterwing Butterfly,5,Cold Darner,10,Large Zonai Charge
,,,,,,,,,5,Large Zonai Charge,5,Gleeok Frost Horn
,Frostbite Shirt,Frostbite,✓,,☆,,☆☆,,☆☆☆,,☆☆☆☆,
,,,Brightcap Cave,,3,Ice Fruit,5,Ice-Breath Lizalfos Horn,5,Ice Like Stone,10,Chillfin Trout
,,,,,,,5,Winterwing Butterfly,5,Cold Darner,10,Large Zonai Charge
,,,,,,,,,5,Large Zonai Charge,5,Gleeok Frost Horn
,Frostbite Trousers,Frostbite,✓,,☆,,☆☆,,☆☆☆,,☆☆☆☆,
,,,Hebra Headspring Cave,,3,Ice Fruit,5,Ice-Breath Lizalfos Horn,5,Ice Like Stone,10,Chillfin Trout
,,,,,,,5,Winterwing Butterfly,5,Cold Darner,10,Large Zonai Charge
,,,,,,,,,5,Large Zonai Charge,5,Gleeok Frost Horn
,,,,,,,,,,,,
,Yiga Mask,Yiga,✓,,☆,,☆☆,,☆☆☆,,☆☆☆☆,
,,,"Great Plateau Yiga Outpost
(Near Great Plateau South Chasm)",,2,Octorok Eyeball,3,Puffshroom,5,Keese Eyeball,10,Mighty Bananas
,,,,,,,3,Fire-Breath Lizalfos Tail,5,Ice-Breath Lizalfos Tail,5,Electric Lizalfos Tail
,,,,,,,,,,,3,Black Hinox Horn
,Yiga Armor,Yiga,✓,,☆,,☆☆,,☆☆☆,,☆☆☆☆,
,,,Akkala Ancient Tech Lab,,2,Octorok Eyeball,3,Puffshroom,5,Keese Eyeball,10,Mighty Bananas
,,,,,,,3,Fire-Breath Lizalfos Tail,5,Ice-Breath Lizalfos Tail,5,Electric Lizalfos Tail
,,,,,,,,,,,3,Black Hinox Horn
,Yiga Tights,Yiga,✓,,☆,,☆☆,,☆☆☆,,☆☆☆☆,
,,,Yiga Clan Maritta Branch,,2,Octorok Eyeball,3,Puffshroom,5,Keese Eyeball,10,Mighty Bananas
,,,,,,,3,Fire-Breath Lizalfos Tail,5,Ice-Breath Lizalfos Tail,5,Electric Lizalfos Tail
,,,,,,,,,,,3,Black Hinox Horn
,,,,,,,,,,,,
,Vah Medoh Divine Helm,,✓,,☆,,☆☆,,☆☆☆,,☆☆☆☆,
,,,North Biron Snowshelf Cave,Breath of the Wild Revali,5,Zonaite,10,Zonaite,6,Sapphire,10,Sapphire
,,,,,1,Sapphire,4,Sapphire,5,Large Zonaite,10,Large Zonaite
,,,,,,,,,5,Dazzlefruit,10,Dazzlefruit
,Vah Rudania Divine Helm,,✓,,☆,,☆☆,,☆☆☆,,☆☆☆☆,
,,,Lizard's Burrow,Breath of the Wild Daruk,5,Zonaite,10,Zonaite,6,Ruby,10,Ruby
,,,,,1,Ruby,4,Ruby,5,Large Zonaite,10,Large Zonaite
,,,,,,,,,5,Dazzlefruit,10,Dazzlefruit
,Vah Ruta Divine Helm,,✓,,☆,,☆☆,,☆☆☆,,☆☆☆☆,
,,,Cave Under Zora's Domain,Breath of the Wild Mipha,5,Zonaite,10,Zonaite,6,Opal,10,Opal
,,,,,1,Opal,4,Opal,5,Large Zonaite,10,Large Zonaite
,,,,,,,,,5,Dazzlefruit,10,Dazzlefruit
,Vah Naboris Divine Helm,,✓,,☆,,☆☆,,☆☆☆,,☆☆☆☆,
,,,West Gerudo Underground Ruins,Breath of the Wild Urbosa,5,Zonaite,10,Zonaite,6,Topaz,10,Topaz
,,,,,1,Topaz,4,Topaz,5,Large Zonaite,10,Large Zonaite
,,,,,,,,,5,Dazzlefruit,10,Dazzlefruit
,,,,,,,,,,,,
,Zonaite Helm,Zonaite,✓,,☆,,☆☆,,☆☆☆,,☆☆☆☆,
,,,Lightcast Island,,5,Soldier Construct Horn,5,Soldier Construct II Horn,5,Soldier Construct III Horn,10,Large Zonaite
,,,,,,,5,Captain Construct I Horn,5,Captain Construct II Horn,5,Soldier Construct IV Horn
,,,,,,,5,Zonaite,5,Large Zonaite,5,Captain Construct III Horn
,Zonaite Waistguard,Zonaite,✓,,☆,,☆☆,,☆☆☆,,☆☆☆☆,
,,,Zonaite Forge Island,,5,Soldier Construct Horn,5,Soldier Construct II Horn,5,Soldier Construct III Horn,10,Large Zonaite
,,,,,,,5,Captain Construct I Horn,5,Captain Construct II Horn,5,Soldier Construct IV Horn
,,,,,,,5,Zonaite,5,Large Zonaite,5,Captain Construct III Horn
,Zonaite Shin Guards,Zonaite,✓,,☆,,☆☆,,☆☆☆,,☆☆☆☆,
,,,North Akkala Sky Archipelago,,5,Soldier Construct Horn,5,Soldier Construct II Horn,5,Soldier Construct III Horn,10,Large Zonaite
,,,,,,,5,Captain Construct I Horn,5,Captain Construct II Horn,5,Soldier Construct IV Horn
,,,,,,,5,Zonaite,5,Large Zonaite,5,Captain Construct III Horn
,,,,,,,,,,,,
,Diamond Circlet,,✗,,☆,,☆☆,,☆☆☆,,☆☆☆☆,
,,,"Gerudo Town
Starlight Memories",,3,Flint,5,Flint,5,Diamond,8,Diamond
,,,,,2,Diamond,3,Diamond,1,Star Fragment,2,Star Fragment
,,,,,,,,,,,,
,Ruby Circlet,,✗,,☆,,☆☆,,☆☆☆,,☆☆☆☆,
,,,"Gerudo Town
Starlight Memories",,3,Flint,5,Flint,6,Ruby,10,Ruby
,,,,,2,Ruby,4,Ruby,1,Star Fragment,2,Star Fragment
,,,,,,,,,,,,
,Sapphire Circlet,,✗,,☆,,☆☆,,☆☆☆,,☆☆☆☆,
,,,"Gerudo Town
Starlight Memories",,3,Flint,5,Flint,6,Sapphire,10,Sapphire
,,,,,2,Sapphire,4,Sapphire,1,Star Fragment,2,Star Fragment
,,,,,,,,,,,,
,Topaz Earrings,,✗,,☆,,☆☆,,☆☆☆,,☆☆☆☆,
,,,"Gerudo Town
Starlight Memories",,3,Flint,5,Flint,6,Topaz,10,Topaz
,,,,,2,Topaz,4,Topaz,1,Star Fragment,2,Star Fragment
,,,,,,,,,,,,
,Opal Earrings,,✗,,☆,,☆☆,,☆☆☆,,☆☆☆☆,
,,,"Gerudo Town
Starlight Memories",,6,Opal,12,Opal,18,Opal,30,Opal
,,,,,5,Flint,10,Flint,15,Flint,25,Flint
,,,,,,,,,,,,
,Amber Earrings,,✗,,☆,,☆☆,,☆☆☆,,☆☆☆☆,
,,,"Gerudo Town
Starlight Memories",,10,Amber,20,Amber,35,Amber,60,Amber
,,,,,5,Flint,10,Flint,15,Flint,25,Flint
,,,,,,,,,,,,
,,,,,,,,,,,,
,Well-Worn Hair Band,,✓,,,,,,,,,
,,,Zelda's Secret Well,,,,,,,,,
,,,,,,,,,,,,
,,,,,,,,,,,,
,,,,,,,,,,,,
,Cece Hat,,✓,,,,,,,,,
,,,Complete all Hateno Village mayoral questlines,,,,,,,,,
,,,,,,,,,,,,
,,,,,,,,,,,,
,,,,,,,,,,,,
,Lightning Helm,,✓,,,,,,,,,
,,,Yiga Clan Hideout,,,,,,,,,
,,,,,,,,,,,,
,,,,,,,,,,,,
,,,,,,,,,,,,
,Sand Boots,,✓,,☆,,☆☆,,☆☆☆,,☆☆☆☆,
,,,"Gerudo Town
Gerudo Secret Club",,3,Hightail Lizard,20,Gibdo Bone,10,Rushroom,10,Swift Violet
,,,,,,,5,Swift Carrot,5,Gibdo Guts,5,Molduga Guts
,,,,,,,,,5,Molduga Fin,5,Hearty Lizard
,Snow Boots,,✓,,☆,,☆☆,,☆☆☆,,☆☆☆☆,
,,,"Gerudo Town
Gerudo Secret Club",,3,Hightail Lizard,5,Octorok Tentacle,20,Rushroom,20,Swift Violet
,,,,,,,5,Swift Carrot,5,Octo Balloon,2,Naydra's Scale
,,,,,,,,,,,,
,,,,,,,,,,,,
,Bokoblin Mask,,✓,,,,,,,,,
,,,"Trade with Koltin
1 Bubbul Gem",,,,,,,,,
,,,,,,,,,,,,
,,,,,,,,,,,,
,Horriblin Mask,,✓,,,,,,,,,
,,,"Trade with Koltin
29 Bubbul Gems",,,,,,,,,
,,,,,,,,,,,,
,,,,,,,,,,,,
,Moblin Mask,,✓,,,,,,,,,
,,,"Trade with Koltin
3 Bubbul Gems",,,,,,,,,
,,,,,,,,,,,,
,,,,,,,,,,,,
,Lizalfos Mask,,✓,,,,,,,,,
,,,"Trade with Koltin
14 Bubbul Gems",,,,,,,,,
,,,,,,,,,,,,
,,,,,,,,,,,,
,Lynel Mask,,✓,,,,,,,,,
,,,"Trade with Koltin
37 Bubbul Gems",,,,,,,,,
,,,,,,,,,,,,
,,,,,,,,,,,,
,,,,,,,,,,,,
,Tunic of Memories,,✓,,☆,,☆☆,,☆☆☆,,☆☆☆☆,
,,,Find all Bargainer Statues,,3,Silent Princess,3,Silent Princess,5,Silent Princess,10,Silent Princess
,,,,,1,Light Dragon's Scale,2,Farosh's Horn,2,Naydra's Horn,2,Dinraal's Horn
,,,,,,,1,Light Dragon's Talon,1,Shard of Light Dragon's Fang,1,Light Dragon's Horn
,Champion's Leather,,✓,,☆,,☆☆,,☆☆☆,,☆☆☆☆,
,,,"Hyrule Castle
Throne Room",,3,Silent Princess,10,Sundelion,15,Sundelion,20,Sundelion
,,,,,2,Light Dragon's Scale,3,Silent Princess,5,Silent Princess,10,Silent Princess
,,,,,,,2,Light Dragon's Talon,2,Shard of Light Dragon's Fang,2,Light Dragon's Horn
,,,,,,,,,,,,
,Island Lobster Shirt,,✓,,,,,,,,,
,,,Lurelin Village,,,,,,,,,
,,,,,,,,,,,,
,,,,,,,,,,,,
,Ravio's Hood,,✓,,,,,,,,,
,,,Secluded Coliseum,,,,,,,,,
,,,,,,,,,,,,
,,,,,,,,,,,,
,Zant's Helmet,,✓,,,,,,,,,
,,,Scorching Coliseum,,,,,,,,,
,,,,,,,,,,,,
,,,,,,,,,,,,
,Midna's Helmet,,✓,,,,,,,,,
,,,Lone Island Coliseum,,,,,,,,,
,,,,,,,,,,,,
,,,,,,,,,,,,
,Majora's Mask,,✓,,,,,,,,,
,,,Floating Coliseum,,,,,,,,,
,,,,,,,,,,,,
,,,,,,,,,,,,
,Korok Mask,,✓,,,,,,,,,
,,,Forest Coliseum,,,,,,,,,
,,,,,,,,,,,,
,,,,,,,,,,,,
,,,,,,,,,,,,
,Tingle's Hood,Tingle,✓,,,,,,,,,
,,,Statue of the Eighth Heroine Cave,,,,,,,,,
,,,,,,,,,,,,
,,,,,,,,,,,,
,Tingle's Shirt,Tingle,✓,,,,,,,,,
,,,Dueling Peaks South Cave,,,,,,,,,
,,,,,,,,,,,,
,,,,,,,,,,,,
,Tingle's Tights,Tingle,✓,,,,,,,,,
,,,Cape Cales Cliffside Cave,,,,,,,,,
,,,,,,,,,,,,
,,,,,,,,,,,,
,,,,,,,,,,,,
,Phantom Helmet,Phantom,✓,,,,,,,,,
,,,Puffer Beach Overhead Cave,,,,,,,,,
,,,,,,,,,,,,
,,,,,,,,,,,,
,Phantom Armor,Phantom,✓,,,,,,,,,
,,,Tamio River Downstream Cave,,,,,,,,,
,,,,,,,,,,,,
,,,,,,,,,,,,
,Phantom Greaves,Phantom,✓,,,,,,,,,
,,,Ancient Altar Ruins,,,,,,,,,
,,,,,,,,,,,,
,,,,,,,,,,,,
,,,,,,,,,,,,
,Evil Spirit Mask,Evil Spirit,✓,,,,,,,,,
,,,South Lomei Depths Labyrinth,,,,,,,,,
,,,,,,,,,,,,
,,,,,,,,,,,,
,Evil Spirit Armor,Evil Spirit,✓,,,,,,,,,
,,,Lomei Depths Labyrinth,,,,,,,,,
,,,,,,,,,,,,
,,,,,,,,,,,,
,Evil Spirit Greaves,Evil Spirit,✓,,,,,,,,,
,,,North Lomei Depths Labyrinth,,,,,,,,,
,,,,,,,,,,,,
,,,,,,,,,,,,
,,,,,,,,,,,,
,Sheik's Mask,,✓,,☆,,☆☆,,☆☆☆,,☆☆☆☆,
,,,Desert Coliseum,Super Smash Bros. Sheik,1,Silent Princess,2,Silent Princess,4,Silent Princess,8,Silent Princess
,,,,,1,Star Fragment,2,Star Fragment,3,Star Fragment,4,Star Fragment
,,,,,,,,,,,,
,,,,,,,,,,,,
,Dark Hood,Dark,✓,,,,,,,,,
,,,Bargainer Statues,,,,,,,,,
,,,,,,,,,,,,
,,,,,,,,,,,,
,Dark Tunic,Dark,✓,,,,,,,,,
,,,Bargainer Statues,,,,,,,,,
,,,,,,,,,,,,
,,,,,,,,,,,,
,Dark Trousers,Dark,✓,,,,,,,,,
,,,Bargainer Statues,,,,,,,,,
,,,,,,,,,,,,
,,,,,,,,,,,,
,,,,,,,,,,,,
,Fierce Deity Mask,Fierce Deity,✓,,☆,,☆☆,,☆☆☆,,☆☆☆☆,
,,,Skull Lake Cave,Majora's Mask Link,5,Hinox Toenail,5,Hinox Tooth,2,Hinox Guts,2,Lynel Guts
,,,,,1,Dinraal's Scale,1,Dinraal's Claw,1,Shard of Dinraal's Fang,1,Dinraal's Horn
,,,,,,,,,,,,
,Fierce Deity Armor,Fierce Deity,✓,,☆,,☆☆,,☆☆☆,,☆☆☆☆,
,,,Akkala Citadel Ruins Summit Cave,Majora's Mask Link,5,Hinox Toenail,5,Hinox Tooth,2,Hinox Guts,2,Lynel Guts
,,,,,1,Naydra's Scale,1,Naydra's Claw,1,Shard of Naydra's Fang,1,Naydra's Horn
,,,,,,,,,,,,
,Fierce Deity Boots,Fierce Deity,✓,,☆,,☆☆,,☆☆☆,,☆☆☆☆,
,,,Ancient Tree Stump Cave,Majora's Mask Link,5,Hinox Toenail,5,Hinox Tooth,2,Hinox Guts,2,Lynel Guts
,,,,,1,Farosh's Scale,1,Farosh's Claw,1,Shard of Farosh's Fang,1,Farosh's Horn
,,,,,,,,,,,,
,,,,,,,,,,,,
,Mask of Awakening,Awakening,✓,,☆,,☆☆,,☆☆☆,,☆☆☆☆,
,,,Thundra Plateau Cave,Link's Awakening Link,10,Luminous Stone,15,Luminous Stone,20,Luminous Stone,30,Luminous Stone
,,,,,1,Star Fragment,1,Star Fragment,1,Star Fragment,1,Star Fragment
,,,,,,,,,,,,
,Tunic of Awakening,Awakening,✓,,☆,,☆☆,,☆☆☆,,☆☆☆☆,
,,,Ancient Columns Cave,Link's Awakening Link,10,Luminous Stone,15,Luminous Stone,20,Luminous Stone,30,Luminous Stone
,,,,,1,Star Fragment,1,Star Fragment,1,Star Fragment,1,Star Fragment
,,,,,,,,,,,,
,Trousers of Awakening,Awakening,✓,,☆,,☆☆,,☆☆☆,,☆☆☆☆,
,,,Coliseum Ruins Cave,Link's Awakening Link,10,Luminous Stone,15,Luminous Stone,20,Luminous Stone,30,Luminous Stone
,,,,,1,Star Fragment,1,Star Fragment,1,Star Fragment,1,Star Fragment
,,,,,,,,,,,,
,,,,,,,,,,,,
,Cap of the Wild,Armor of the Wild,✓,,☆,,☆☆,,☆☆☆,,☆☆☆☆,
,,,Hebra Dark Skeleton,,10,Acorn,5,Courser Bee Honey,5,Shard of Farosh's Spike,10,Shard of Farosh's Spike
,,,,,2,Farosh's Scale,2,Farosh's Claw,3,Energetic Rhino Beetle,3,Star Fragment
,,,,,,,,,2,Shard of Farosh's Fang,2,Farosh's Horn
,Tunic of the Wild,Armor of the Wild,✓,,☆,,☆☆,,☆☆☆,,☆☆☆☆,
,,,Gerudo Dark Skeleton,,10,Acorn,5,Courser Bee Honey,5,Shard of Farosh's Spike,10,Shard of Farosh's Spike
,,,,,2,Farosh's Scale,2,Farosh's Claw,3,Energetic Rhino Beetle,3,Star Fragment
,,,,,,,,,2,Shard of Farosh's Fang,2,Farosh's Horn
,Trousers of the Wild,Armor of the Wild,✓,,☆,,☆☆,,☆☆☆,,☆☆☆☆,
,,,Eldin Dark Skeleton,,10,Acorn,5,Courser Bee Honey,5,Shard of Farosh's Spike,10,Shard of Farosh's Spike
,,,,,2,Farosh's Scale,2,Farosh's Claw,3,Energetic Rhino Beetle,3,Star Fragment
,,,,,,,,,2,Shard of Farosh's Fang,2,Farosh's Horn
,,,,,,,,,,,,
,Cap of the Hero,Armor of the Hero,✓,,☆,,☆☆,,☆☆☆,,☆☆☆☆,
,,,Tuft Canyon Mine,8-Bit Link,1,Ruby,4,Ruby,6,Ruby,10,Ruby
,,,,,1,Star Fragment,1,Star Fragment,1,Star Fragment,1,Star Fragment
,,,,,,,,,,,,
,Tunic of the Hero,Armor of the Hero,✓,,☆,,☆☆,,☆☆☆,,☆☆☆☆,
,,,Dueling Canyons Mine,8-Bit Link,1,Ruby,4,Ruby,6,Ruby,10,Ruby
,,,,,1,Star Fragment,1,Star Fragment,1,Star Fragment,1,Star Fragment
,,,,,,,,,,,,
,Trousers of the Hero,Armor of the Hero,✓,,☆,,☆☆,,☆☆☆,,☆☆☆☆,
,,,Corvash Canyon Mine,8-Bit Link,1,Ruby,4,Ruby,6,Ruby,10,Ruby
,,,,,1,Star Fragment,1,Star Fragment,1,Star Fragment,1,Star Fragment
,,,,,,,,,,,,
,,,,,,,,,,,,
,Cap of Time,Armor of Time,✓,,☆,,☆☆,,☆☆☆,,☆☆☆☆,
,,,Sturnida Lavafalls,Super Smash Bros. Young Link / Ocarina of Time Link,10,Amber,20,Amber,30,Amber,40,Amber
,,,,,1,Star Fragment,1,Star Fragment,1,Star Fragment,1,Star Fragment
,,,,,,,,,,,,
,Tunic of Time,Armor of Time,✓,,☆,,☆☆,,☆☆☆,,☆☆☆☆,
,,,Lindor Canyon Mine,Super Smash Bros. Young Link / Ocarina of Time Link,10,Amber,20,Amber,30,Amber,40,Amber
,,,,,1,Star Fragment,1,Star Fragment,1,Star Fragment,1,Star Fragment
,,,,,,,,,,,,
,Trousers of Time,Armor of Time,✓,,☆,,☆☆,,☆☆☆,,☆☆☆☆,
,,,Gerudo Canyon Mine,Super Smash Bros. Young Link / Ocarina of Time Link,10,Amber,20,Amber,30,Amber,40,Amber
,,,,,1,Star Fragment,1,Star Fragment,1,Star Fragment,1,Star Fragment
,,,,,,,,,,,,
,,,,,,,,,,,,
,Cap of the Wind,Armor of the Wind,✓,,☆,,☆☆,,☆☆☆,,☆☆☆☆,
,,,Depths under Davdi Island,Super Smash Bros. Toon Link / Wind Waker Link,5,Opal,10,Opal,15,Opal,25,Opal
,,,,,1,Star Fragment,1,Star Fragment,1,Star Fragment,1,Star Fragment
,,,,,,,,,,,,
,Tunic of the Wind,Armor of the Wind,✓,,☆,,☆☆,,☆☆☆,,☆☆☆☆,
,,,Cuho Canyon Mine,Super Smash Bros. Toon Link / Wind Waker Link,5,Opal,10,Opal,15,Opal,25,Opal
,,,,,1,Star Fragment,1,Star Fragment,1,Star Fragment,1,Star Fragment
,,,,,,,,,,,,
,Trousers of the Wind,Armor of the Wind,✓,,☆,,☆☆,,☆☆☆,,☆☆☆☆,
,,,Cresia Pit Mine,Super Smash Bros. Toon Link / Wind Waker Link,5,Opal,10,Opal,15,Opal,25,Opal
,,,,,1,Star Fragment,1,Star Fragment,1,Star Fragment,1,Star Fragment
,,,,,,,,,,,,
,,,,,,,,,,,,
,Cap of Twilight,Armor of Twilight,✓,,☆,,☆☆,,☆☆☆,,☆☆☆☆,
,,,Gleeok Den,Super Smash Bros. Link / Twilight Princess Link,1,Topaz,4,Topaz,6,Topaz,10,Topaz
,,,,,1,Star Fragment,1,Star Fragment,1,Star Fragment,1,Star Fragment
,,,,,,,,,,,,
,Tunic of Twilight,Armor of Twilight,✓,,☆,,☆☆,,☆☆☆,,☆☆☆☆,
,,,Rist Mine,Super Smash Bros. Link / Twilight Princess Link,1,Topaz,4,Topaz,6,Topaz,10,Topaz
,,,,,1,Star Fragment,1,Star Fragment,1,Star Fragment,1,Star Fragment
,,,,,,,,,,,,
,Trousers of Twilight,Armor of Twilight,✓,,☆,,☆☆,,☆☆☆,,☆☆☆☆,
,,,Ancient Underground Fortress,Super Smash Bros. Link / Twilight Princess Link,1,Topaz,4,Topaz,6,Topaz,10,Topaz
,,,,,1,Star Fragment,1,Star Fragment,1,Star Fragment,1,Star Fragment
,,,,,,,,,,,,
,,,,,,,,,,,,
,Cap of the Sky,Armor of the Sky,✓,,☆,,☆☆,,☆☆☆,,☆☆☆☆,
,,,Retsam Grove,Skyward Sword Link,1,Sapphire,4,Sapphire,6,Sapphire,10,Sapphire
,,,,,1,Star Fragment,1,Star Fragment,1,Star Fragment,1,Star Fragment
,,,,,,,,,,,,
,Tunic of the Sky,Armor of the Sky,✓,,☆,,☆☆,,☆☆☆,,☆☆☆☆,
,,,Minshi Grove,Skyward Sword Link,1,Sapphire,4,Sapphire,6,Sapphire,10,Sapphire
,,,,,1,Star Fragment,1,Star Fragment,1,Star Fragment,1,Star Fragment
,,,,,,,,,,,,
,Trousers of the Sky,Armor of the Sky,✓,,☆,,☆☆,,☆☆☆,,☆☆☆☆,
,,,Crenel Canyon Mine,Skyward Sword Link,1,Sapphire,4,Sapphire,6,Sapphire,10,Sapphire
,,,,,1,Star Fragment,1,Star Fragment,1,Star Fragment,1,Star Fragment
,,,,,,,,,,,,
,,,,,,,,,,,,
,Ancient Hero's Aspect,,✓,,☆,,☆☆,,☆☆☆,,☆☆☆☆,
,,,Complete all 152 shrines,,15,Zonaite,10,Large Zonaite,15,Large Zonaite,9,Silver Lynel Saber Horn
,,,,,9,Silver Bokoblin Horn,9,Silver Moblin Horn,9,Silver Lizalfos Horn,9,Silver Lynel Mace Horn
,,,,,9,Hinox Guts,9,Frox Guts,9,Molduga Guts,9,Gleeok Guts
