Cooked,,Cooking key,Effects are applied based on the ingredients used. E.g. using a stamella shroom for Mushroom Skewer will yield an Energizing Mushroom Skewer,,,,,Edit log,Sheet source: www.reddit.com/r/TOTK/comments/13r406a/recipe_checklist_spreadsheet/
131,,Cooked in pot,A creature list is available here that includes info about the cooking effects of each creature,,,,,9th June 2023: fixed seafood curry recipe,
Remaining,,Cooked in fire/extreme heat,"This graphic shows effects of all ingredients in BOTW, ingredients from BOTW have the same effects in TOTK ",,,,,,
97,,Cooked in snow/extreme cold,Effect information is included in the description of each ingredient in the game,,,,,,
,,Cooked in hot spring,Different effects cannot be combined,,,,,,
Checklist,Recipe book #,Name,Recipe,,,,,,
TRUE,1,Mushroom Skewer,Any mushroom,,,,,,
TRUE,2,Meat and Mushroom Skewer,Any mushroom,Any meat,,,,,
TRUE,3,Fish and Mushroom Skewer,Any fish,Any mushroom,,,,,
TRUE,4,Meat Skewer,Any meat,,,,,,
TRUE,5,Fish Skewer,Any fish,,,,,,
TRUE,6,Seafood Skewer,Any snail or crab,,,,,,
TRUE,7,Copious Meat Skewers,Any four different meat,,,,,,
TRUE,8,Copious Seafood Skewers,Any four different fish,,,,,,
TRUE,9,Steamed Fruit,Any fruit (excluding Hylian tomato),"Any vegetable, flower, or herb",,,,,
TRUE,10,Steamed Tomatoes,Hylian tomato,"Any vegetable, flower, or herb",,,,,
TRUE,11,Steamed Mushrooms,Any mushroom,"Any vegetable, flower, or herb",,,,,
TRUE,12,Steamed Meat,Any meat,"Any vegetable, flower, or herb",,,,,
TRUE,13,Steamed Fish,Any fish,"Any vegetable, flower, or herb",,,,,
TRUE,14,Sauteed Peppers,Spicy pepper,,,,,,
TRUE,15,Sauteed Nuts,Any nut,,,,,,
TRUE,16,Fried Wild Greens,"Any vegetable, flower, or herb",,,,,,
TRUE,17,Copious Fried Wild Greens,"Any four different vegetables, flowers, or herbs",,,,,,
TRUE,18,Cooked Stambulb,Stambulb,,,,,,
TRUE,19,Buttered Stambulb,Stambulb,Goat butter,,,,,
TRUE,20,Copious Mushroom Skewers,Any four different mushrooms,,,,,,
TRUE,21,Spiced Meat Skewer,Raw meat,Goron spice,,,,,
TRUE,22,Prime Spiced Meat Skewer,Raw prime meat,Goron spice,,,,,
TRUE,23,Gourmet Spiced Meat Skewer,Raw gourmet meat,Goron spice,,,,,
TRUE,24,Crab Stir-Fry,Any crab,Goron spice,,,,,
TRUE,25,Meat and Seafood Fry,Raw meat or raw bird drumstick,Any seafood,,,,,
TRUE,26,Prime Meat and Seafood Fry,Raw prime meat or raw bird thigh,Any seafood,,,,,
FALSE,27,Gourmet Meat and Seafood Fry,Raw gourmet meat or raw whole bird,Any seafood,,,,,
FALSE,28,Salt-Grilled Greens,Any herb or flower,Rock salt,,,,,
TRUE,29,Salt-Grilled Mushrooms,Any mushroom,Rock salt,,,,,
TRUE,30,Salt-Grilled Meat,Raw meat or raw bird drumstick,Rock salt,,,,,
TRUE,31,Salt-Grilled Prime Meat,Raw prime meat or raw bird thigh,Rock salt,,,,,
FALSE,32,Salt-Grilled Gourmet Meat,Raw gourmet meat or raw whole bird,Rock salt,,,,,
TRUE,33,Salt-Grilled Fish,Any fish,Rock salt,,,,,
TRUE,34,Salt-Grilled Crab,Any crab,Rock salt,,,,,
FALSE,35,Herb Saute,"Any herb, flower, or vegetable",Goron spice,,,,,
TRUE,36,Fragrant Mushroom Saute,Any mushroom,Goron spice,,,,,
FALSE,37,Pepper Steak,Any meat,Spicy pepper,,,,,
FALSE,38,Peppered Seafood,Any seafood or fish,Spicy pepper,,,,,
TRUE,39,Fragrant Seafood Stew,Any seafood or fish,Stambulb,Oil jar,,,,
TRUE,40,Deep-Fried Drumstick,Raw bird drumstick,Oil jar,,,,,
FALSE,41,Deep-Fried Thigh,Raw bird thigh,Oil jar,,,,,
FALSE,42,Deep-Fried Bird Roast,Raw whole bird,Oil jar,,,,,
FALSE,43,Seafood Meuniere,Any seafood (excluding hearty salmon and porgy),Goat butter,Tabantha wheat,,,,
FALSE,44,Porgy Meuniere,Armored porgy or mighty porgy,Goat butter,Tabantha wheat,,,,
FALSE,45,Salmon Meuniere,Hearty salmon,Goat butter,Tabantha wheat,,,,
TRUE,46,Fruit and Mushroom Mix,Any fruit,Any mushroom,,,,,
TRUE,47,Simmered Fruit,Any fruit,,,,,,
FALSE,48,Copious Simmered Fruit,Any four different fruit,,,,,,
TRUE,49,Simmered Tomato,Hylian tomato,,,,,,
TRUE,50,Fruity Tomato Stew,Hylian tomato,Rock salt,Fresh milk,,,,
TRUE,51,Tomato Mushroom Stew,Hylian tomato,Any mushroom,,,,,
TRUE,52,Tomato Seafood Soup,Hylian tomato,Any seafood,,,,,
FALSE,53,Cream of Vegetable Soup,"Any herb, flower, or vegetable (excluding carrots or pumpkins)",Rock salt,Fresh milk,,,,
FALSE,54,Veggie Cream Soup,Any carrot or pumpkin,Rock salt,Fresh milk,,,,
FALSE,55,Cream of Mushroom Soup,Any mushroom,"Any herb, flower, or vegetable",Rock salt,Fresh milk,,,
FALSE,56,Creamy Meat Soup,Any meat,"Any herb, flower, or vegetable",Rock salt,Fresh milk,,,
TRUE,57,Creamy Seafood Soup,Any seafood,"Any herb, flower, or vegetable",Rock salt,Fresh milk,,,
TRUE,58,Snail Chowder,Sneaky river snail,Goat butter,Fresh milk,Tabantha wheat,,,
TRUE,59,Creamy Heart Soup,Hearty radish,Hydromelon,Voltfruit,Fresh milk,,,
TRUE,60,Glazed Veggies,"Any herb, flower, or vegetable",Courser bee honey,,,,,
FALSE,61,Glazed Mushrooms,Any mushroom,Courser bee honey,,,,,
FALSE,62,Glazed Meat,Any meat,Courser bee honey,,,,,
FALSE,63,Glazed Seafood,Any seafood,Courser bee honey,,,,,
FALSE,64,Curry Rice,Hylian rice,Goron spice,,,,,
TRUE,65,Vegetable Curry,Any carrot or pumpkin,Hylian rice,Goron spice,,,,
FALSE,66,Meat Curry,Raw meat,Hylian rice,Goron spice,,,,
FALSE,67,Prime Meat Curry,Raw prime meat,Hylian rice,Goron spice,,,,
FALSE,68,Gourmet Meat Curry,Raw gourmet meat,Hylian rice,Goron spice,,,,
FALSE,69,Poultry Curry,Raw bird drumstick,Hylian rice,Goron spice,,,,
FALSE,70,Prime Poultry Curry,Raw bird thigh,Hylian rice,Goron spice,,,,
FALSE,71,Gourmet Poultry Curry,Raw whole bird,Hylian rice,Goron spice,,,,
TRUE,72,Seafood Curry,Any porgy,Hylian rice,Goron spice,,,,
FALSE,73,Cheesy Curry,Hateno cheese,Hylian rice,Goron spice,,,,
TRUE,74,Carrot Stew,Any carrot,Goat butter,Fresh milk,Tabantha wheat,,,
TRUE,75,Pumpkin Stew,Any pumpkin,Goat butter,Fresh milk,Tabantha wheat,,,
TRUE,76,Meat Stew,Raw meat,Goat butter,Fresh milk,Tabantha wheat,,,
TRUE,77,Prime Meat Stew,Raw prime meat,Goat butter,Fresh milk,Tabantha wheat,,,
FALSE,78,Gourmet Meat Stew,Raw gourmet meat,Goat butter,Fresh milk,Tabantha wheat,,,
TRUE,79,Meat-Stuffed Pumpkin,Any pumpkin,Any meat,,,,,
FALSE,80,Vegetable Risotto,Any carrot or pumpkin,Hylian rice,Rock salt,Goat butter,,,
TRUE,81,Mushroom Risotto,Any mushroom,Hylian rice,Rock salt,Goat butter,,,
FALSE,82,Salmon Risotto,Hearty salmon,Hylian rice,Rock salt,Goat butter,,,
FALSE,83,Crab Risotto,Any crab,Hylian rice,Rock salt,Goat butter,,,
TRUE,84,Cheesy Risotto,Hateno cheese,Any mushroom or fish,Rock salt,Hylian rice,,,
FALSE,85,Poultry Pilaf,Raw bird drumstick,Hylian rice,Bird egg,Goat butter,,,
FALSE,86,Prime Poultry Pilaf,Raw bird thigh,Hylian rice,Bird egg,Goat butter,,,
FALSE,87,Gourmet Poultry Pilaf,Raw whole bird,Hylian rice,Bird egg,Goat butter,,,
TRUE,88,Seafood Paella,Armored porgy or mighty porgy,Razorclaw crab or Ironshell crab,Rock salt,Goat butter,Hylian rice,,
FALSE,89,Curry Pilaf,Hylian rice,Goat butter,Goron spice,,,,
TRUE,90,Fried Egg and Rice,Bird egg,Hylian rice,,,,,
FALSE,91,Crunchy Fried Rice,Any meat,Hylian rice,Bird egg,Oil jar,,,
TRUE,92,Seafood Fried Rice,Any porgy,Hylian rice,Rock salt,,,,
TRUE,93,Crab Omelet with Rice,Any crab,Hylian rice,Rock salt,Bird egg,,,
TRUE,94,Meat and Rice Bowl,Raw meat,Hylian rice,Rock salt,,,,
TRUE,95,Prime Meat and Rice Bowl,Raw prime meat,Hylian rice,Rock salt,,,,
FALSE,96,Gourmet Meat and Rice Bowl,Raw gourmet meat,Hylian rice,Rock salt,,,,
FALSE,97,Cheesy Meat Bowl,Raw meat,Hateno cheese,Hylian rice,Rock salt,,,
FALSE,98,Prime Cheesy Meat Bowl,Raw prime meat,Hateno cheese,Hylian rice,Rock salt,,,
FALSE,99,Gourmet Cheesy Meat Bowl,Raw gourmet meat,Hateno cheese,Hylian rice,Rock salt,,,
TRUE,100,Veggie Rice Balls,"Any herb, flower, or vegetable",Hylian rice,,,,,
TRUE,101,Mushroom Rice Balls,Any mushroom,Hylian rice,,,,,
TRUE,102,Meaty Rice Balls,Any meat,Hylian rice,,,,,
TRUE,103,Seafood Rice Balls,Any seafood,Hylian rice,,,,,
TRUE,104,Veggie Porridge,"Any vegetable, flower, or herb",Hylian rice,Fresh milk,,,,
FALSE,105,Wheat Bread,Tabantha wheat,Rock salt,,,,,
FALSE,106,Melty Cheesy Bread,Hateno cheese,Tabantha wheat,Rock salt,,,,
TRUE,107,Hylian Tomato Pizza,Hateno cheese,Tabantha wheat,Hylian tomato,,,,
FALSE,108,Meat Pie,Any meat,Tabantha wheat,Goat butter,Rock salt,,,
FALSE,109,Fish Pie,Any seafood,Tabantha wheat,Goat butter,Rock salt,,,
FALSE,110,Cheesy Tomato,Hateno cheese,Hylian tomato,,,,,
TRUE,111,Cheesy Baked Fish,Hateno cheese,Any seafood,,,,,
TRUE,112,Omelet,Bird egg,Optional: any other ingredients so long as they do not complete another recipe,,,,,
FALSE,113,Vegetable Omelet,"Any herb, flower, or vegetable",Bird egg,Goat butter,Rock salt,,,
FALSE,114,Mushroom Omelet,Any mushroom,Bird egg,Goat butter,Rock salt,,,
FALSE,115,Cheesy Omelet,Hateno cheese,"Any vegetable, flower, or herb",Bird egg,Goat butter,Rock salt,,
TRUE,116,Hot Buttered Apple,Any apple,Goat butter,,,,,
FALSE,117,Honeyed Fruits,Any fruit (excluding apples),Courser bee honey,,,,,
TRUE,118,Honeyed Apple,Any apple,Courser bee honey,,,,,
TRUE,119,Honey Candy,Courser bee honey,,,,,,
TRUE,120,Fried Bananas,Mighty bananas,Tabantha wheat,Cane sugar,,,,
FALSE,121,Egg Pudding,Bird egg,Fresh milk,Cane sugar,,,,
FALSE,122,Plain Crepe,Bird egg,Tabantha wheat,Fresh milk,Cane sugar,,,
FALSE,123,Wildberry Crepe,Wildberry,Bird egg,Tabantha wheat,Fresh milk,Cane sugar,,
TRUE,124,Honey Crepe,Courser bee honey,Bird egg,Tabantha wheat,Fresh milk,Cane sugar,,
FALSE,125,Nutcake,Any nut,Tabantha wheat,Goat butter,Cane sugar,,,
FALSE,126,Fruitcake,Wildberry or apple,Any other fruit,Tabantha wheat,Cane sugar,,,
TRUE,127,Carrot Cake,Any carrot,Tabantha wheat,Goat butter,Cane sugar,,,
FALSE,128,Pumpkin Pie,Any pumpkin,Tabantha wheat,Goat butter,Cane sugar,,,
FALSE,129,Cheesecake,Hateno cheese,Tabantha wheat,Goat butter,Cane sugar,,,
FALSE,130,Fruit Pie,Any fruit (excluding apples and pumpkins),Tabantha wheat,Goat butter,Cane sugar,,,
TRUE,131,Apple Pie,Any apple,Tabantha wheat,Goat butter,Cane sugar,,,
TRUE,132,Egg Tart,Bird egg,Tabantha wheat,Goat butter,Cane sugar,,,
FALSE,133,Milk,Fresh milk,,,,,,
TRUE,134,Noble Pursuit,Palm fruit,Hydromelon,Voltfruit,Rock salt,,,
TRUE,135,Monster Stew,Any meat,Any seafood,Monster extract,,,,
TRUE,136,Monster Soup,Tabantha wheat,Goat butter,Fresh milk,Monster extract,,,
TRUE,137,Monster Curry,Hylian rice,Goron spice,Monster extract,,,,
FALSE,138,Monster Rice Balls,Hylian rice,Rock salt,Monster extract,,,,
FALSE,139,Monster Cake,Tabantha wheat,Cane sugar,Goat butter,Monster extract,,,
FALSE,140,Dark Stew,Dark clump,Any meat,Any seafood,,,,
FALSE,141,Dark Soup,Dark clump,Tabantha wheat,Fresh milk,Goat butter,,,
FALSE,142,Dark Curry,Dark clump,Hylian rice,Goron spice,,,,
FALSE,143,Dark Rice Ball,Dark clump,Hylian rice,Rock salt,,,,
FALSE,144,Dark Cake,Dark clump,Tabantha wheat,Goat butter,Cane sugar,,,
TRUE,145,Dubious Food,"Any non-food, or combination of incompatible ingredients (e.g. monster parts with food)",,,,,,
TRUE,146,Rock-Hard Food,Wood,Any gems (does not apply effect),,,,,
TRUE,147,Baked Apple,Apple,,,,,,
FALSE,148,Baked Golden Apple,Golden apple,,,,,,
TRUE,149,Charred Pepper,Spicy pepper,,,,,,
FALSE,150,Roasted Hylian Tomato,Hylian tomato,,,,,,
TRUE,151,Roasted Wildberry,Wildberry,,,,,,
FALSE,152,Roasted Voltfruit,Voltfruit,,,,,,
FALSE,153,Roasted Hydromelon,Hydromelon,,,,,,
TRUE,154,Baked Palm Fruit,Palm fruit,,,,,,
FALSE,155,Roasted Mighty Bananas,Mighty bananas,,,,,,
FALSE,156,Roasted Lotus Seeds,Lotus seeds,,,,,,
FALSE,157,Roasted Mighty Thistle,Mighty thistle,,,,,,
TRUE,158,Roasted Armoranth,Armoranth,,,,,,
FALSE,159,Roasted Swift Carrot,Swift carrot,,,,,,
FALSE,160,Roasted Endura Carrot,Endura carrot,,,,,,
FALSE,161,Baked Fortified Pumpkin,Fortified pumpkin,,,,,,
FALSE,162,Baked Sun Pumpkin,Sun pumpkin,,,,,,
FALSE,163,Roasted Radish,Hearty radish,,,,,,
FALSE,164,Roasted Big Radish,Big hearty radish,,,,,,
TRUE,165,Toasty Skyshroom,Skyshroom,,,,,,
TRUE,166,Toasty Hylian Shroom,Hylian shroom,,,,,,
TRUE,167,Toasty Stamella Shroom,Stamella shroom,,,,,,
FALSE,168,Toasty Rushroom,Rushroom,,,,,,
TRUE,169,Toasty Sunshroom,Sunshroom,,,,,,
FALSE,170,Toasty Chillshroom,Chillshroom,,,,,,
FALSE,171,Toasty Zapshroom,Zapshroom,,,,,,
FALSE,172,Toasty Razorshroom,Razorshroom,,,,,,
FALSE,173,Toasty Ironshroom,Ironshroom,,,,,,
TRUE,174,Toasty Silent Shroom,Silent shroom,,,,,,
TRUE,175,Toasty Brightcap,Brightcap,,,,,,
TRUE,176,Toasty Endura Shroom,Endura shroom,,,,,,
TRUE,177,Toasted Hearty Truffle,Hearty truffle,,,,,,
FALSE,178,Toasted Big Hearty Truffle,Big hearty truffle,,,,,,
TRUE,179,Seared Steak,Raw meat,,,,,,
TRUE,180,Seared Prime Steak,Raw prime meat,,,,,,
TRUE,181,Seared Gourmet Steak,Raw gourmet meat,,,,,,
TRUE,182,Roasted Bird Drumstick,Raw bird drumstick,,,,,,
TRUE,183,Roasted Bird Thigh,Raw bird thigh,,,,,,
TRUE,184,Roasted Whole Bird,Raw whole bird,,,,,,
FALSE,185,Roasted Arowana,Ancient arowana,,,,,,
TRUE,186,Roasted Bass,Hyrule bass,,,,,,
TRUE,187,Roasted Trout,Any trout,,,,,,
TRUE,188,Roasted Carp,Any carp,,,,,,
TRUE,189,Roasted Porgy,Any porgy,,,,,,
TRUE,190,Roasted Cave Fish,Glowing cave fish,,,,,,
TRUE,191,Roasted Hearty Bass,Hearty bass,,,,,,
TRUE,192,Roasted Hearty Salmon,Hearty salmon,,,,,,
TRUE,193,Blackened Crab,Any crab,,,,,,
TRUE,194,Sneaky River Escargot,Sneaky river snail,,,,,,
TRUE,195,Roasted Tree Nut,Chickaloo tree nut,,,,,,
TRUE,196,Roasted Acorn,Acorn,,,,,,
TRUE,197,Campfire Egg,Bird egg,,,,,,
TRUE,198,Hard-Boiled Egg,Bird egg,,,,,,
TRUE,199,Icy Meat,Raw meat,,,,,,
TRUE,200,Icy Prime Meat,Raw prime meat,,,,,,
TRUE,201,Icy Gourmet Meat,Raw gourtmet meat,,,,,,
TRUE,202,Frozen Bird Drumstick,Raw bird drumstick,,,,,,
TRUE,203,Frozen Bird Thigh,Raw bird thigh,,,,,,
FALSE,204,Frozen Whole Bird,Raw whole bird,,,,,,
TRUE,205,Frozen Arowana,Ancient arowana,,,,,,
FALSE,206,Frozen Bass,Hyrule bass,,,,,,
FALSE,207,Frozen Trout,Any trout,,,,,,
FALSE,208,Frozen Carp,Any carp,,,,,,
FALSE,209,Frozen Porgy,Any porgy,,,,,,
FALSE,210,Frozen Cave Fish,Glowing cave fish,,,,,,
FALSE,211,Frozen Hearty Bass,Hearty bass,,,,,,
FALSE,212,Frozen Hearty Salmon,Hearty salmon,,,,,,
FALSE,213,Frozen Crab,Any crab,,,,,,
FALSE,214,Frozen River Snail,Sneaky river snail,,,,,,
TRUE,215,Energizing Elixir,Restless cricket or Energetic rhino beetle,Any monster part,,,,,
TRUE,216,Hasty Elixir,Hot-footed frog or hightail lizard,Any monster part,,,,,
TRUE,217,Spicy Elixir,Summerwing butterfly or warm darner,Any monster part,,,,,
TRUE,218,Chilly Elixir,Winterwing butterfly or cold darner,Any monster part,,,,,
TRUE,219,Electro Elixir,Thunderwing butterfly or electric darner,Any monster part,,,,,
TRUE,220,Fireproof Elixir,Fireproof lizard or smotherwing butterfly,Any monster part,,,,,
FALSE,221,Mighty Elixir,Bladed rhino beetle,Any monster part,,,,,
FALSE,222,Tough Elixir,Rugged rhino beetle,Any monster part,,,,,
TRUE,223,Sneaky Elixir,Sunset firefly ,Any monster part,,,,,
TRUE,224,Sticky Elixir,Sticky frog or sticky lizard,Any monster part,,,,,
TRUE,225,Bright Elixir,Deep firefly,Any monster part,,,,,
TRUE,226,Enduring Elixir,Tireless frog,Any monster part,,,,,
TRUE,227,Hearty Elixir,Hearty lizard,Any monster part,,,,,
TRUE,228,Fairy Tonic,Fairy,Any monster part,,,,,